Admin arqui (4).pdf;58
Admin arqui (5).pdf;82
Admin arqui (2).pdf;75
Admin arqui (1).pdf;60
Admin arqui (3).pdf;126
ADM Recur (3).pdf;67
ADM Recur (4).pdf;46
ADM Recur (2).pdf;92
ADM Recur (5).pdf;61
ADM Recur (1).pdf;62
ADM Recur (6).pdf;3
ADM 1 a 5 (10).pdf;34
ADM 1 a 5 (11).pdf;106
ADM 1 a 5 (2).pdf;65
ADM 1 a 5 (3) 2.pdf;67
ADM 1 a 5 (7).pdf;69
ADM 1 a 5 (1).pdf;72
ADM 1 a 5 (8).pdf;78
ADM 1 a 5 (6).pdf;51
ADM 1 a 5 (3) 1.pdf;67
Aula Extra ADM 1 a 5.pdf;51
ADM 1 a 5 (5).pdf;62
ADM 1 a 5 (12).pdf;73
ADM 1 a 5 (9).pdf;106
ADM 1 a 5 (3).pdf;67
ADM 1 a 5 (4).pdf;68
Etica Serv (1).pdf;43
Etica Serv (2).pdf;128
Etica Serv (4).pdf;38
Etica Serv (3).pdf;64
Etica Serv (5).pdf;3
Legislação (1) 1 1.pdf;88
Legislação (2).pdf;52
Legislação (1).pdf;88
Legislação (5).pdf;33
Legislação (3).pdf;37
Legislação (4).pdf;37
Legislação (7).pdf;3
Legislação (6).pdf;43
Noçoes DIR (2).pdf;83
Noçoes DIR (3).pdf;156
Noçoes DIR (9).pdf;3
Noçoes DIR (4).pdf;83
Noçoes DIR (1).pdf;101
Noçoes DIR (6).pdf;168
Noçoes DIR (8).pdf;135
Noçoes DIR (7).pdf;91
Noçoes DIR (5).pdf;71
Noçoes Dir. Cons (10).pdf;115
Noçoes Dir. Cons (1).pdf;101
Noçoes Dir. Cons (11).pdf;63
Noçoes Dir. Cons (11) 1.pdf;63
Noçoes Dir. Cons (6).pdf;104
Noçoes Dir. Cons (2).pdf;120
Noçoes Dir. Cons (5).pdf;56
Noçoes Dir. Cons (7).pdf;138
Noçoes Dir. Cons (9).pdf;69
Noçoes Dir. Cons (4).pdf;79
Noçoes Dir. Cons (3).pdf;149
Noçoes Dir. Cons (8).pdf;78
Noções de infor (2).pdf;65
Noções de infor (1).pdf;65
Noções de infor (3).pdf;85
Noções de infor (10).pdf;3
Noções de infor (7).pdf;145
Noções de infor (5).pdf;68
Noções de infor (4).pdf;76
Noções de infor (6).pdf;52
Noções de infor (9).pdf;120
Noções de infor (8).pdf;63
Port (11).pdf;132
Port (10).pdf;116
Port (1).pdf;108
Port (14).pdf;58
Port (12).pdf;33
Port (13).pdf;51
Port (2).pdf;56
Port (5).pdf;76
Port (9).pdf;104
Port (4).pdf;87
Port (3).pdf;112
Port (7).pdf;79
Port (8).pdf;130
Port (6) 1.pdf;115
RLM (1).pdf;30
RLM (10).pdf;73
RLM (11).pdf;18
RLM (5).pdf;127
RLM (4).pdf;109
RLM (9).pdf;109
RLM (7).pdf;116
RLM (6).pdf;72
RLM (3).pdf;97
RLM (8).pdf;101
RLM (2).pdf;74
